user_id,skills_mastery,last_active,affect_state
user_1,"{""Mathematics"": 0.6745071229516849, ""Physics"": 0.4792603548243223, ""Chemistry"": 0.6471532807151039, ""Biology"": 0.6784544784612038, ""Programming"": 0.2648769937914996, ""Aptitude"": 0.36487945645762293, ""Communication"": 0.7368819223261087}",2025-09-30T16:19:06.536288,stressed
user_2,"{""Mathematics"": 0.7151152093729363, ""Physics"": 0.42957884210975716, ""Chemistry"": 0.6313840065378947, ""Biology"": 0.3804873460781307, ""Programming"": 0.23014053696446146, ""Aptitude"": 0.43629434073490514, ""Communication"": 0.21300796330133032}",2025-10-14T16:19:06.536440,motivated
user_3,"{""Mathematics"": 0.34126232512304505, ""Physics"": 0.4156568706138541, ""Chemistry"": 0.39807533194983646, ""Biology"": 0.4971370998892911, ""Programming"": 0.16379638867181837, ""Aptitude"": 0.1881544447997063, ""Communication"": 0.7198473153382331}",2025-10-12T16:19:06.536477,stressed
user_4,"{""Mathematics"": 0.5661335549270197, ""Physics"": 0.5101292307031886, ""Chemistry"": 0.33628777206798155, ""Biology"": 0.3683425913212226, ""Programming"": 0.3166383884564799, ""Aptitude"": 0.22735096338665461, ""Communication"": 0.5563547027518508}",2025-10-25T16:19:06.536509,motivated
user_5,"{""Mathematics"": 0.5099041965121792, ""Physics"": 0.4562459375310085, ""Chemistry"": 0.4597440081655905, ""Biology"": 0.7278417276763407, ""Programming"": 0.2979754162893099, ""Aptitude"": 0.24134336065661496, ""Communication"": 0.6233817368154784}",2025-10-17T16:19:06.536537,focused
user_6,"{""Mathematics"": 0.41687345250434665, ""Physics"": 0.5313295392507134, ""Chemistry"": 0.25604948141803374, ""Biology"": 0.2507720926652355, ""Programming"": 0.3295291853803685, ""Aptitude"": 0.5107699869993116, ""Communication"": 0.5257052421784956}",2025-10-23T16:19:06.536565,motivated
user_7,"{""Mathematics"": 0.5826527576417639, ""Physics"": 0.4548344456616067, ""Chemistry"": 0.32822170144488594, ""Biology"": 0.3420233687407937, ""Programming"": 0.23090418435603188, ""Aptitude"": 0.5585683339328373, ""Communication"": 0.5515427434352692}",2025-10-23T16:19:06.536592,curious
user_8,"{""Mathematics"": 0.3355439766955899, ""Physics"": 0.5486125954092193, ""Chemistry"": 0.4922376579375526, ""Biology"": 0.3484616999541062, ""Programming"": 0.39175144332613016, ""Aptitude"": 0.5546499283743926, ""Communication"": 0.6396920178674298}",2025-10-08T16:19:06.536618,focused
user_9,"{""Mathematics"": 0.4741173715166042, ""Physics"": 0.45361814362231784, ""Chemistry"": 0.5996895147105347, ""Biology"": 0.5963317690683538, ""Programming"": 0.2281238643232065, ""Aptitude"": 0.37215115350042743, ""Communication"": 0.33404975389909575}",2025-10-10T16:19:06.536645,curious
user_10,"{""Mathematics"": 0.4205690063878994, ""Physics"": 0.6218788733591297, ""Chemistry"": 0.7534360042856235, ""Biology"": 0.43919848176294995, ""Programming"": 0.45052993468380365, ""Aptitude"": 0.45424540375714517, ""Communication"": 0.40323203680923136}",2025-10-15T16:19:06.536679,focused
user_11,"{""Mathematics"": 0.654209340826262, ""Physics"": 0.7307054849698954, ""Chemistry"": 0.5446260941335073, ""Biology"": 0.6846965483721009, ""Programming"": 0, ""Aptitude"": 0.5232853756562836, ""Communication"": 0.5130570602357257}",2025-10-11T16:19:06.536705,curious
user_12,"{""Mathematics"": 0.5551488974301199, ""Physics"": 0.5137641164803254, ""Chemistry"": 0.25186466280986614, ""Biology"": 0.41704921682437324, ""Programming"": 0.3535668857267619, ""Aptitude"": 0.6216841067112274, ""Communication"": 0.4222594672589529}",2025-10-13T16:19:06.536749,focused
user_13,"{""Mathematics"": 0.4787259595660218, ""Physics"": 0.42473644346231954, ""Chemistry"": 0.6873103176553111, ""Biology"": 0.49931266644895267, ""Programming"": 0.2205359694349442, ""Aptitude"": 0.47699011496700344, ""Communication"": 0.5145616324022061}",2025-10-08T16:19:06.536791,stressed
user_14,"{""Mathematics"": 0.7452967485799333, ""Physics"": 0.39469203591839713, ""Chemistry"": 0.5008506780103348, ""Biology"": 0.39118377703017637, ""Programming"": 0.0804727577801822, ""Aptitude"": 0.44441804155968645, ""Communication"": 0.5391582908269834}",2025-10-24T16:19:06.536819,motivated
user_15,"{""Mathematics"": 0.6007670184963692, ""Physics"": 0.46481192999372795, ""Chemistry"": 0.33769438869243795, ""Biology"": 0.38690320158519614, ""Programming"": 0.24859282252098458, ""Aptitude"": 0.2796584096167572, ""Communication"": 0.47580714325009865}",2025-09-30T16:19:06.536845,focused
user_16,"{""Mathematics"": 0.6606076285221807, ""Physics"": 0.7829278851815795, ""Chemistry"": 0.5761866719247759, ""Biology"": 0.48863255860841465, ""Programming"": 0.2888331126350749, ""Aptitude"": 0.11218431770514381, ""Communication"": 0.49602291868261744}",2025-10-04T16:19:06.536885,tired
user_17,"{""Mathematics"": 0.6090345314911539, ""Physics"": 0.8694863168727929, ""Chemistry"": 0.5211458552828316, ""Biology"": 0.49523210135004186, ""Programming"": 0.29479323454421347, ""Aptitude"": 0.22469829435707023, ""Communication"": 0.671423422177253}",2025-10-14T16:19:06.537174,stressed
user_18,"{""Mathematics"": 0.7127899549030161, ""Physics"": 0.618654792056457, ""Chemistry"": 0.4135918817807892, ""Biology"": 0.6604191466404149, ""Programming"": 0.08972234058115786, ""Aptitude"": 0.4880285640700406, ""Communication"": 0.8285683438714968}",2025-09-29T16:19:06.537207,tired
user_19,"{""Mathematics"": 0.45141955123039673, ""Physics"": 0.4150553405595842, ""Chemistry"": 0.5649477047631463, ""Biology"": 0.3744786518825701, ""Programming"": 0.06740048534008009, ""Aptitude"": 0.4102844462209041, ""Communication"": 0.34065444294108427}",2025-10-14T16:19:06.537235,curious
user_20,"{""Mathematics"": 0.6710388645952772, ""Physics"": 0.3620863648649295, ""Chemistry"": 0.7824901607526309, ""Biology"": 0.33251200614956444, ""Programming"": 0.2516907725691486, ""Aptitude"": 0.5220275826054505, ""Communication"": 0.31537035253490675}",2025-10-01T16:19:06.537261,stressed
user_21,"{""Mathematics"": 0.6341189901906193, ""Physics"": 0.6960714131423642, ""Chemistry"": 0.30887751481581593, ""Biology"": 0.4776950787798456, ""Programming"": 0.3389824191372635, ""Aptitude"": 0.5172734307665966, ""Communication"": 0.3144573933682877}",2025-10-15T16:19:06.537287,stressed
user_22,"{""Mathematics"": 0.40193150803735855, ""Physics"": 0.5782912348425346, ""Chemistry"": 0.594547700984978, ""Biology"": 0.4875739275518815, ""Programming"": 0.35196723142454633, ""Aptitude"": 0.2979962917632264, ""Communication"": 0.5348380545741506}",2025-10-04T16:19:06.537313,motivated
user_23,"{""Mathematics"": 0.6439608709948021, ""Physics"": 0.39284728729604484, ""Chemistry"": 0.8298661766717135, ""Biology"": 0.5210749381367681, ""Programming"": 0.12130447541960271, ""Aptitude"": 0.4984830412950745, ""Communication"": 0.3537977494659018}",2025-10-17T16:19:06.537338,stressed
user_24,"{""Mathematics"": 0.7180626905613677, ""Physics"": 0.6737893368511106, ""Chemistry"": 0.42689765224724346, ""Biology"": 0.5945064193866483, ""Programming"": 0.36191713904047473, ""Aptitude"": 0.5233090239991736, ""Communication"": 0.784518947398092}",2025-10-17T16:19:06.537364,curious
user_25,"{""Mathematics"": 0.5631917825995694, ""Physics"": 0.3869395753463766, ""Chemistry"": 0.41657283555617153, ""Biology"": 0.3276284572551843, ""Programming"": 0.28843474358788435, ""Aptitude"": 0.4511727962224966, ""Communication"": 0.5415036198995029}",2025-10-16T16:19:06.537389,tired
user_26,"{""Mathematics"": 0.7240774873554036, ""Physics"": 0.501950283781686, ""Chemistry"": 0.7680301115735976, ""Biology"": 0.4103014750143066, ""Programming"": 0.7080253749884429, ""Aptitude"": 0.49385010216475095, ""Communication"": 0.3714263665375576}",2025-10-06T16:19:06.537413,stressed
user_27,"{""Mathematics"": 0.43936612529083313, ""Physics"": 0.5723708622864778, ""Chemistry"": 0.5164805822011224, ""Biology"": 0.5571000741138138, ""Programming"": 0.3709856436860317, ""Aptitude"": 0.3890756631014691, ""Communication"": 0.37298094228973927}",2025-10-25T16:19:06.537439,motivated
user_28,"{""Mathematics"": 0.3727729162971203, ""Physics"": 0.43302275718994687, ""Chemistry"": 0.6784598191485209, ""Biology"": 0.48211406161953063, ""Programming"": 0.11313918319320179, ""Aptitude"": 0.4259771388776773, ""Communication"": 0.5577976069593256}",2025-10-01T16:19:06.537464,motivated
user_29,"{""Mathematics"": 0.46742138456983007, ""Physics"": 0.5230587658918292, ""Chemistry"": 0.5587313077669, ""Biology"": 0.27855445532540657, ""Programming"": 0.35366810405224247, ""Aptitude"": 0.48411767895523516, ""Communication"": 0.6624576864762916}",2025-10-25T16:19:06.537490,stressed
user_30,"{""Mathematics"": 0.7580703078052354, ""Physics"": 0.29334959480643635, ""Chemistry"": 0.40932624401273165, ""Biology"": 0.527255290081299, ""Programming"": 0.3770678926368313, ""Aptitude"": 0.4772571529459072, ""Communication"": 1}",2025-10-24T16:19:06.537515,curious
user_31,"{""Mathematics"": 0.6856335766039751, ""Physics"": 0.6703348460270898, ""Chemistry"": 0.6931002645239803, ""Biology"": 0.5477086876958697, ""Programming"": 0.25270961330394814, ""Aptitude"": 0.5138453830739902, ""Communication"": 0.38407621781936424}",2025-10-02T16:19:06.537541,tired
user_32,"{""Mathematics"": 0.5644772089889987, ""Physics"": 0.4271954678256345, ""Chemistry"": 0.5622811209079485, ""Biology"": 0.7971987850010263, ""Programming"": 0.019910221111237802, ""Aptitude"": 0.502939028556177, ""Communication"": 0.25809261932155225}",2025-10-10T16:19:06.537566,motivated
user_33,"{""Mathematics"": 0.5292102201315849, ""Physics"": 0.6633425895451049, ""Chemistry"": 0.5596420028643194, ""Biology"": 0.28833828331060407, ""Programming"": 0.19270444361100475, ""Aptitude"": 0.5019396623402014, ""Communication"": 0.39044500524242953}",2025-10-09T16:19:06.537591,focused
user_34,"{""Mathematics"": 0.6324687884372961, ""Physics"": 0.5068357759855721, ""Chemistry"": 0.4522599478591275, ""Biology"": 0.7715916133987988, ""Programming"": 0.3950878533477017, ""Aptitude"": 0.09622861200135896, ""Communication"": 0.5279681472154142}",2025-10-10T16:19:06.537617,curious
user_35,"{""Mathematics"": 0.5007320302847418, ""Physics"": 0.6278650002194336, ""Chemistry"": 0.431121889235095, ""Biology"": 0.43278953377996515, ""Programming"": 0.3757480918470686, ""Aptitude"": 0.5298632791255182, ""Communication"": 0.31995553894163353}",2025-10-06T16:19:06.537642,motivated
user_36,"{""Mathematics"": 0.5498248146238577, ""Physics"": 0.42875820332585657, ""Chemistry"": 0.4520006151139433, ""Biology"": 0.7148181360421646, ""Programming"": 0.3607472566441433, ""Aptitude"": 0.21086740684974326, ""Communication"": 0.6376792920582164}",2025-10-14T16:19:06.537676,curious
user_37,"{""Mathematics"": 0.9183234295518949, ""Physics"": 0.654869789082672, ""Chemistry"": 0.3220945051068981, ""Biology"": 0.3773648890700623, ""Programming"": 0.4900366723779934, ""Aptitude"": 0.29384958015718293, ""Communication"": 0.5665729142219342}",2025-09-30T16:19:06.537702,stressed
user_38,"{""Mathematics"": 0.7161951080144005, ""Physics"": 0.36096042926328753, ""Chemistry"": 0.54107119659073, ""Biology"": 0, ""Programming"": 0.1463418537998565, ""Aptitude"": 0.362114777291026, ""Communication"": 0.3128325227052726}",2025-09-30T16:19:06.537728,motivated
user_39,"{""Mathematics"": 0.8448616955897452, ""Physics"": 0.2854787933059051, ""Chemistry"": 0.4839933269954525, ""Biology"": 0.46961108659291373, ""Programming"": 0.5161909933599174, ""Aptitude"": 0.18462067732308413, ""Communication"": 0.6744745628232439}",2025-10-18T16:19:06.537789,focused
user_40,"{""Mathematics"": 0.6015349591529381, ""Physics"": 0.35277370234280736, ""Chemistry"": 0.6193155211394906, ""Biology"": 0.4798589543360205, ""Programming"": 0.2099674684261808, ""Aptitude"": 0.4104703127485029, ""Communication"": 0.442202960470736}",2025-10-18T16:19:06.537816,curious
user_41,"{""Mathematics"": 0.6170276017876872, ""Physics"": 0.599319601178157, ""Chemistry"": 0.7879025224218028, ""Biology"": 0.26432767517597267, ""Programming"": 0.61995500619844, ""Aptitude"": 0.10718683007162477, ""Communication"": 0.4772322357446625}",2025-10-24T16:19:06.537848,focused
user_42,"{""Mathematics"": 0.6882475809726865, ""Physics"": 0.5421487801602549, ""Chemistry"": 0.45659507202691096, ""Biology"": 0.41878166244640874, ""Programming"": 0.22604985980117506, ""Aptitude"": 0.3115952864583683, ""Communication"": 0.6274403145531537}",2025-10-11T16:19:06.537875,tired
user_43,"{""Mathematics"": 0.6535523228947571, ""Physics"": 0.3960635607109019, ""Chemistry"": 0.6849399813149877, ""Biology"": 0.4960949281314914, ""Programming"": 0.421929317825844, ""Aptitude"": 0.49444432628854185, ""Communication"": 0.37565074836168916}",2025-10-23T16:19:06.537900,stressed
user_44,"{""Mathematics"": 0.5159728439704545, ""Physics"": 0.6120940407684893, ""Chemistry"": 0.6415555398150198, ""Biology"": 0.4468647609053778, ""Programming"": 0.3175991074963173, ""Aptitude"": 0.5916497343682637, ""Communication"": 0.4112642916746255}",2025-10-20T16:19:06.537928,motivated
user_45,"{""Mathematics"": 0.6820646071755057, ""Physics"": 0.4696711021349159, ""Chemistry"": 0.517347819515917, ""Biology"": 0.6148165277980785, ""Programming"": 0.42381245234820447, ""Aptitude"": 0.5220264454000958, ""Communication"": 0.6958218210731494}",2025-10-16T16:19:06.537953,focused
user_46,"{""Mathematics"": 0.6031505762449139, ""Physics"": 0.6022929456942446, ""Chemistry"": 0.5034599865109817, ""Biology"": 0.4986249528732663, ""Programming"": 0.28047854184484733, ""Aptitude"": 0.41454939474890773, ""Communication"": 0.589273553815537}",2025-10-16T16:19:06.537978,motivated
user_47,"{""Mathematics"": 0.4772668975149791, ""Physics"": 0.8138580913528191, ""Chemistry"": 0.39909739277504475, ""Biology"": 0.2678717080818402, ""Programming"": 0.47371663102501016, ""Aptitude"": 0.5187494040944404, ""Communication"": 0.5936179725578232}",2025-10-03T16:19:06.538002,curious
user_48,"{""Mathematics"": 0.694251826389642, ""Physics"": 0.49816298407296283, ""Chemistry"": 0.4154118442771253, ""Biology"": 0.461370683729059, ""Programming"": 0.19842574327318324, ""Aptitude"": 0.5462679600126628, ""Communication"": 0.4779413927746792}",2025-10-09T16:19:06.538027,tired
user_49,"{""Mathematics"": 0.47617542048112327, ""Physics"": 0.45179212375205097, ""Chemistry"": 0.6119397181413437, ""Biology"": 0.3654413170794038, ""Programming"": 0.17666694066503527, ""Aptitude"": 0.4365530817237869, ""Communication"": 0.5367449856663085}",2025-10-02T16:19:06.538052,stressed
user_50,"{""Mathematics"": 0.5239585236943305, ""Physics"": 0.4293442541572516, ""Chemistry"": 0.5848074906036455, ""Biology"": 0.2327873487754014, ""Programming"": 0.08888043384351671, ""Aptitude"": 0.29223336681213463, ""Communication"": 0.46798292724322293}",2025-09-30T16:19:06.538077,focused
user_51,"{""Mathematics"": 0.6466361348397006, ""Physics"": 0.7213034325424328, ""Chemistry"": 0.6786489434803029, ""Biology"": 0.42600922050548595, ""Programming"": 0.29714756881459664, ""Aptitude"": 0.2496205953043287, ""Communication"": 0.4972230296011415}",2025-10-03T16:19:06.538102,focused
user_52,"{""Mathematics"": 0.5567012041619792, ""Physics"": 0.5484077840507134, ""Chemistry"": 0.4259153584671516, ""Biology"": 0.5279019771361758, ""Programming"": 0.5299108369503867, ""Aptitude"": 0.3836859777314714, ""Communication"": 0.5602567583148412}",2025-10-08T16:19:06.538133,focused
user_53,"{""Mathematics"": 0.7035215987566669, ""Physics"": 0.43981692921712456, ""Chemistry"": 0.5836138722715626, ""Biology"": 0.45188886011726925, ""Programming"": 0.3146514147823247, ""Aptitude"": 0.28404853242168004, ""Communication"": 0.5036765261388414}",2025-10-27T16:19:06.538160,focused
user_54,"{""Mathematics"": 0.6746997436868174, ""Physics"": 0.7176715411692562, ""Chemistry"": 0.6938906239127811, ""Biology"": 0.7729773686267334, ""Programming"": 0.18489786556679255, ""Aptitude"": 0.5308480955081017, ""Communication"": 0.5275013008607528}",2025-09-28T16:19:06.538186,curious
user_55,"{""Mathematics"": 0.9284704399826509, ""Physics"": 0.3787552571967273, ""Chemistry"": 0.4240417236728836, ""Biology"": 0.3600911031833967, ""Programming"": 0, ""Aptitude"": 0.32113674674788584, ""Communication"": 0.3861301007669453}",2025-10-27T16:19:06.538211,tired
user_56,"{""Mathematics"": 0.6225590679714311, ""Physics"": 0.551263396366574, ""Chemistry"": 0.8314256258823829, ""Biology"": 0.5925635757279075, ""Programming"": 0.21346445165063954, ""Aptitude"": 0.2652377992977463, ""Communication"": 0.5737878757259759}",2025-10-19T16:19:06.538236,curious
user_57,"{""Mathematics"": 0.4019650189469036, ""Physics"": 0.774718814878153, ""Chemistry"": 0.7269160181081931, ""Biology"": 0.3796236521842943, ""Programming"": 0.0430298206363684, ""Aptitude"": 0.603080856124812, ""Communication"": 0.48281902321210735}",2025-09-28T16:19:06.538261,curious
user_58,"{""Mathematics"": 0.7856724467960192, ""Physics"": 0.26083585118084496, ""Chemistry"": 0.46009374655693414, ""Biology"": 0.45078655495772746, ""Programming"": 0.3070470890647113, ""Aptitude"": 0.3324901792781135, ""Communication"": 0.5934274898521248}",2025-10-16T16:19:06.538286,motivated
user_59,"{""Mathematics"": 0.43985693559261085, ""Physics"": 0.478643077246806, ""Chemistry"": 0.5680443447567849, ""Biology"": 0.5271658251088124, ""Programming"": 0.40674223171333346, ""Aptitude"": 0.23130368622431965, ""Communication"": 0.26988287438965664}",2025-10-22T16:19:06.538312,tired
user_60,"{""Mathematics"": 0.7916515232847763, ""Physics"": 0.5498471017969387, ""Chemistry"": 0.437727019516517, ""Biology"": 0.6826727963283784, ""Programming"": 0.3173511951439288, ""Aptitude"": 0.576894577609574, ""Communication"": 0.5101277722115164}",2025-10-09T16:19:06.538336,stressed
user_61,"{""Mathematics"": 0.909112188732298, ""Physics"": 0.7633011263664806, ""Chemistry"": 0.5126553777281391, ""Biology"": 0.5957356426431533, ""Programming"": 0.3968063924377721, ""Aptitude"": 0.6052947336298523, ""Communication"": 0.3552614809129844}",2025-10-25T16:19:06.538361,tired
user_62,"{""Mathematics"": 0.7029077189997659, ""Physics"": 0.6587636730274382, ""Chemistry"": 0.2861890770365329, ""Biology"": 0.27251122310013376, ""Programming"": 0, ""Aptitude"": 0.35958897483331637, ""Communication"": 0.6076313383693943}",2025-10-04T16:19:06.538385,motivated
user_63,"{""Mathematics"": 0.8253535578144042, ""Physics"": 0.5111142170629662, ""Chemistry"": 0.7942923318356938, ""Biology"": 0.24298478126776632, ""Programming"": 0.044492634096726824, ""Aptitude"": 0.39166784516550723, ""Communication"": 0.5576098173408961}",2025-10-25T16:19:06.538410,focused
user_64,"{""Mathematics"": 0.595095787785886, ""Physics"": 0.18988368499401853, ""Chemistry"": 0.5366319940730818, ""Biology"": 0.254329574924272, ""Programming"": 0.40045088232450576, ""Aptitude"": 0.45498973691452727, ""Communication"": 0.3590180320508967}",2025-10-21T16:19:06.538434,stressed
user_65,"{""Mathematics"": 0.522919962399496, ""Physics"": 0.34111797171665725, ""Chemistry"": 0.5405981354090242, ""Biology"": 0.5932713480751858, ""Programming"": 0.15214109304966844, ""Aptitude"": 0.47560697732767665, ""Communication"": 0.4204613572441339}",2025-10-14T16:19:06.538467,stressed
user_66,"{""Mathematics"": 0.48106907516064834, ""Physics"": 0.4839454460068163, ""Chemistry"": 0.39471365163709393, ""Biology"": 0.3669526041979227, ""Programming"": 0.12031831611167274, ""Aptitude"": 0.6947087699374583, ""Communication"": 0.5052895327957593}",2025-10-17T16:19:06.538494,tired
user_67,"{""Mathematics"": 0.4950411738011121, ""Physics"": 0.5320969866101333, ""Chemistry"": 0.5331507925463755, ""Biology"": 0.4168545600700166, ""Programming"": 0.39212500500651376, ""Aptitude"": 0.5136261565070958, ""Communication"": 0.4204248278584209}",2025-10-16T16:19:06.538519,curious
user_68,"{""Mathematics"": 0.5136272639032979, ""Physics"": 0.4587422454272534, ""Chemistry"": 0.2047118252896623, ""Biology"": 0.22272134067021718, ""Programming"": 0.5050311401166787, ""Aptitude"": 0.6467451570251925, ""Communication"": 0.46264459406654324}",2025-10-04T16:19:06.538544,curious
user_69,"{""Mathematics"": 0.6864835444583649, ""Physics"": 0.5466875231815305, ""Chemistry"": 1, ""Biology"": 0.6179362367151865, ""Programming"": 0.280812361277885, ""Aptitude"": 0.25666893390993617, ""Communication"": 0.25903305196136417}",2025-10-03T16:19:06.538569,focused
user_70,"{""Mathematics"": 0.6305195453800835, ""Physics"": 0.3865473882073545, ""Chemistry"": 0.33666194356034895, ""Biology"": 0.353014067363621, ""Programming"": 0.13776779945784076, ""Aptitude"": 0.6530712452608847, ""Communication"": 0.6322459635424176}",2025-10-08T16:19:06.538595,motivated
user_71,"{""Mathematics"": 0.5988041038025074, ""Physics"": 0.7219916208335039, ""Chemistry"": 0.5616052461471428, ""Biology"": 0.32080736980076047, ""Programming"": 0.5284686115904486, ""Aptitude"": 0.48083650655269883, ""Communication"": 0.3444130768510315}",2025-09-29T16:19:06.538619,motivated
user_72,"{""Mathematics"": 0.5714491982874588, ""Physics"": 0.36865726199228643, ""Chemistry"": 0.3425800403553496, ""Biology"": 0.5889266321297462, ""Programming"": 0.5864124960705195, ""Aptitude"": 0.19021486392712886, ""Communication"": 0.5844453855035856}",2025-10-23T16:19:06.538669,tired
user_73,"{""Mathematics"": 0.5024036146317259, ""Physics"": 0.4269311924352956, ""Chemistry"": 0.4611409113641697, ""Biology"": 0.3204013845480276, ""Programming"": 0.30727824419172406, ""Aptitude"": 0.27535748253834436, ""Communication"": 0.5405685238669758}",2025-10-03T16:19:06.538696,focused
user_74,"{""Mathematics"": 0.5924642835826295, ""Physics"": 0.46415779297003856, ""Chemistry"": 0.41386545069376035, ""Biology"": 0.3634843004147501, ""Programming"": 0.4133086838738634, ""Aptitude"": 0.47513757814365715, ""Communication"": 0.35336671328021735}",2025-10-26T16:19:06.538721,motivated
user_75,"{""Mathematics"": 0.6148998458143838, ""Physics"": 0.6127080685057683, ""Chemistry"": 0.29958920783179427, ""Biology"": 0.5315040288569902, ""Programming"": 0.20060643615812299, ""Aptitude"": 0.4855898002889739, ""Communication"": 0.38551112651862246}",2025-10-19T16:19:06.538760,stressed
user_76,"{""Mathematics"": 0.32926768490032216, ""Physics"": 0.2558686343175256, ""Chemistry"": 0.5572127419992073, ""Biology"": 0.4889583752582223, ""Programming"": 0.1643525062343387, ""Aptitude"": 0.4957888688166061, ""Communication"": 0.25077199065965605}",2025-10-06T16:19:06.538786,stressed
user_77,"{""Mathematics"": 0.5900880302029025, ""Physics"": 0.3183475700356315, ""Chemistry"": 0.4522245838296762, ""Biology"": 0.4571098006974621, ""Programming"": 0.17093799520740713, ""Aptitude"": 0.3423166683655262, ""Communication"": 0.6509439213821661}",2025-10-12T16:19:06.538811,focused
user_78,"{""Mathematics"": 0.5134662195715277, ""Physics"": 0.6253538168097712, ""Chemistry"": 0.38054397180135735, ""Biology"": 0.5294706266872924, ""Programming"": 0.5162352930986851, ""Aptitude"": 0.02925332498090666, ""Communication"": 0.3804657116794285}",2025-10-13T16:19:06.538841,stressed
user_79,"{""Mathematics"": 0.686560819077081, ""Physics"": 0.4695431920935511, ""Chemistry"": 0.6056718810056964, ""Biology"": 0.35940222199262695, ""Programming"": 0.31298846812093495, ""Aptitude"": 0.3766484146911881, ""Communication"": 0.6751673092489711}",2025-10-19T16:19:06.538866,tired
user_80,"{""Mathematics"": 0.6381631264951819, ""Physics"": 0.5506403993112803, ""Chemistry"": 0.4882184550816299, ""Biology"": 0.376859066389126, ""Programming"": 0.23511627182705686, ""Aptitude"": 0.45916782135674455, ""Communication"": 0.43685232787696054}",2025-10-03T16:19:06.538896,focused
user_81,"{""Mathematics"": 0.6434662285344619, ""Physics"": 0.8113101197968158, ""Chemistry"": 0.6806687055147539, ""Biology"": 0.40109647017482386, ""Programming"": 0.48018208832459175, ""Aptitude"": 0.3387886940467673, ""Communication"": 0.1942813197233219}",2025-10-24T16:19:06.538924,curious
user_82,"{""Mathematics"": 0.44878705336238933, ""Physics"": 0.21938121184612164, ""Chemistry"": 0.4972729773938037, ""Biology"": 0.45276275687843276, ""Programming"": 0.5514655968412924, ""Aptitude"": 0.44903910606462444, ""Communication"": 0.46713492067867035}",2025-10-14T16:19:06.538949,motivated
user_83,"{""Mathematics"": 0.7244108371775233, ""Physics"": 0.16832970364881722, ""Chemistry"": 0.5853421837162849, ""Biology"": 0.565629779083045, ""Programming"": 0.07821206313302376, ""Aptitude"": 0.5715631064810394, ""Communication"": 0.5507744611241621}",2025-10-18T16:19:06.538974,focused
user_84,"{""Mathematics"": 0.5377068129148798, ""Physics"": 0.5949172799159427, ""Chemistry"": 0.8906039286706594, ""Biology"": 0.4772799382587743, ""Programming"": 0.3372330879450504, ""Aptitude"": 0.3310958650689634, ""Communication"": 0.37252334458028125}",2025-10-12T16:19:06.538998,focused
user_85,"{""Mathematics"": 0.7245503724816368, ""Physics"": 0.3715874261136699, ""Chemistry"": 0.5607349355829089, ""Biology"": 0.3783513829852325, ""Programming"": 0.37184697386195875, ""Aptitude"": 0.45004931579304225, ""Communication"": 0.6556309916386849}",2025-10-06T16:19:06.539023,curious
user_86,"{""Mathematics"": 0.523497540171788, ""Physics"": 0.4595187597059943, ""Chemistry"": 0.40318544263265393, ""Biology"": 0.3833560109885833, ""Programming"": 0.3565950739567278, ""Aptitude"": 0.5135482924968028, ""Communication"": 0.3616752013733562}",2025-10-26T16:19:06.539048,tired
user_87,"{""Mathematics"": 0.730440888015849, ""Physics"": 0.7033456788207426, ""Chemistry"": 0.6120152354835552, ""Biology"": 0.7315193718837099, ""Programming"": 0.18393162013446404, ""Aptitude"": 0.21330179450328748, ""Communication"": 0.2331919626643582}",2025-10-15T16:19:06.539072,focused
user_88,"{""Mathematics"": 0.8244066467233775, ""Physics"": 0.5981548484531086, ""Chemistry"": 0.5416622993634318, ""Biology"": 0.49199529394797303, ""Programming"": 0.13117664290524353, ""Aptitude"": 0.7668627969425239, ""Communication"": 0.5193831772962841}",2025-10-26T16:19:06.539096,motivated
user_89,"{""Mathematics"": 0.6164092191907339, ""Physics"": 0.6088649935848038, ""Chemistry"": 0.622151384760507, ""Biology"": 0.4835826036418697, ""Programming"": 0.1814288316832032, ""Aptitude"": 0.47072025357039937, ""Communication"": 0.782303674471255}",2025-10-21T16:19:06.539121,curious
user_90,"{""Mathematics"": 0.8018130069232466, ""Physics"": 0.7389779939959096, ""Chemistry"": 0.47331764853532227, ""Biology"": 0.3015592769612129, ""Programming"": 0.28113196198505275, ""Aptitude"": 0.4083587368433042, ""Communication"": 0.6641287277706422}",2025-10-21T16:19:06.539145,tired
user_91,"{""Mathematics"": 0.3461303055427771, ""Physics"": 0.7294325479190921, ""Chemistry"": 0.5262988152131516, ""Biology"": 0.385967839507887, ""Programming"": 0.14818434371097486, ""Aptitude"": 0.15177149922013464, ""Communication"": 0.6234755875942872}",2025-10-03T16:19:06.539267,curious
user_92,"{""Mathematics"": 0.6109976950782605, ""Physics"": 0.3065058650388419, ""Chemistry"": 0.35573818419045766, ""Biology"": 0.3996322951064808, ""Programming"": 0.550353228793409, ""Aptitude"": 0.3610612972954593, ""Communication"": 0.27452855703228407}",2025-10-18T16:19:06.539341,curious
user_93,"{""Mathematics"": 0.5631385403871083, ""Physics"": 0.45909146453784944, ""Chemistry"": 0.1454670035587643, ""Biology"": 0.4418557700223282, ""Programming"": 0.2653598204686983, ""Aptitude"": 0.5044309547220127, ""Communication"": 0.7773434142418018}",2025-10-24T16:19:06.539374,motivated
user_94,"{""Mathematics"": 0.7689847544321635, ""Physics"": 0.45966669641677543, ""Chemistry"": 0.38402111368874947, ""Biology"": 0.8360039704874791, ""Programming"": 0.3088827651021732, ""Aptitude"": 0.402089393786942, ""Communication"": 0.4963812369334995}",2025-10-12T16:19:06.539404,stressed
user_95,"{""Mathematics"": 0.6297127141151783, ""Physics"": 0.47834593821140864, ""Chemistry"": 0.4639506989679646, ""Biology"": 0.3679711588139412, ""Programming"": 0.29508700946760025, ""Aptitude"": 0.3184862843299353, ""Communication"": 0.39307313259842536}",2025-10-22T16:19:06.539431,tired
user_96,"{""Mathematics"": 0.6159645341537845, ""Physics"": 0.4617534173868717, ""Chemistry"": 0.7755989482874033, ""Biology"": 0.052354528741048234, ""Programming"": 0.46372602778836924, ""Aptitude"": 0.5869127788746444, ""Communication"": 0.18899146513877757}",2025-10-15T16:19:06.539458,focused
user_97,"{""Mathematics"": 0.5485968608879477, ""Physics"": 0.4442838701006313, ""Chemistry"": 0.33887324579232686, ""Biology"": 0.33332749686136875, ""Programming"": 0.13341362318012567, ""Aptitude"": 0.6628405665135434, ""Communication"": 0.6403517589721192}",2025-10-05T16:19:06.539485,tired
user_98,"{""Mathematics"": 0.7907332642491238, ""Physics"": 0.6082508096064853, ""Chemistry"": 0.3806422343174157, ""Biology"": 0.371321960058034, ""Programming"": 0.3734061841841877, ""Aptitude"": 0.21668082866620822, ""Communication"": 0.6069497645258582}",2025-10-11T16:19:06.539510,focused
user_99,"{""Mathematics"": 0.5639511902762797, ""Physics"": 0.4437768788675604, ""Chemistry"": 0.6566439952305237, ""Biology"": 0.516639496722906, ""Programming"": 0.245855075127138, ""Aptitude"": 0.5738994705046372, ""Communication"": 0.3378405008600154}",2025-10-01T16:19:06.539537,curious
user_100,"{""Mathematics"": 0.6923903410416395, ""Physics"": 0.5889651886952576, ""Chemistry"": 0.5035680341029015, ""Biology"": 0.4989199533363177, ""Programming"": 0.11233296354220454, ""Aptitude"": 0.5386040528810352, ""Communication"": 0.47226467953355167}",2025-10-25T16:19:06.539563,stressed
user_101,"{""Mathematics"": 0.521591546922144, ""Physics"": 0.6573513838755334, ""Chemistry"": 0.4443484464185862, ""Biology"": 0.23873080554546608, ""Programming"": 0.06650562397141443, ""Aptitude"": 0.49090149270184597, ""Communication"": 0.3079355971255575}",2025-09-30T16:19:06.539589,motivated
user_102,"{""Mathematics"": 0.8632191272976546, ""Physics"": 0.18771058881744168, ""Chemistry"": 0.8044684552435057, ""Biology"": 0.4816526200803928, ""Programming"": 0.28549303321944114, ""Aptitude"": 0.3182621369786576, ""Communication"": 0.5598704171528106}",2025-10-14T16:19:06.539624,motivated
user_103,"{""Mathematics"": 0.5943547946362727, ""Physics"": 0.6654952823024782, ""Chemistry"": 0.567134147299306, ""Biology"": 0.47254526421928167, ""Programming"": 0.2454581681679216, ""Aptitude"": 0.3914581564418399, ""Communication"": 0.5461702653338089}",2025-10-13T16:19:06.539714,motivated
user_104,"{""Mathematics"": 0.34347474110150616, ""Physics"": 0.29777218668414307, ""Chemistry"": 0.6614896141034072, ""Biology"": 0.4756298157191913, ""Programming"": 0.2724024995470981, ""Aptitude"": 0.402765089959809, ""Communication"": 0.5521372558042507}",2025-09-30T16:19:06.539761,curious
user_105,"{""Mathematics"": 0.5190360479535958, ""Physics"": 0.3832542911896531, ""Chemistry"": 0.5793767882646523, ""Biology"": 0.3032440833577452, ""Programming"": 0.36123791335717076, ""Aptitude"": 0.144612459364324, ""Communication"": 0.6543733455988465}",2025-10-09T16:19:06.539791,stressed
user_106,"{""Mathematics"": 0.6708896223619565, ""Physics"": 0.5384044601470813, ""Chemistry"": 0.6974036475918272, ""Biology"": 0.6998211666693865, ""Programming"": 0.45215550975271956, ""Aptitude"": 0.12386886530025326, ""Communication"": 0.30806345498964477}",2025-10-09T16:19:06.539817,stressed
user_107,"{""Mathematics"": 0.5062772133456481, ""Physics"": 0.5039136575316251, ""Chemistry"": 0.6276488530703686, ""Biology"": 0.3411384280269802, ""Programming"": 0.32801501467156174, ""Aptitude"": 0.2866925601470016, ""Communication"": 0.40827232955120774}",2025-10-05T16:19:06.539844,stressed
user_108,"{""Mathematics"": 0.38900083547276665, ""Physics"": 0.36151501308336437, ""Chemistry"": 0.34724730915755, ""Biology"": 0.30361901205340014, ""Programming"": 0.4580462694911759, ""Aptitude"": 0.25759016667520857, ""Communication"": 0.8948573097256086}",2025-10-18T16:19:06.539870,motivated
user_109,"{""Mathematics"": 0.6739976851321333, ""Physics"": 0.527725418554231, ""Chemistry"": 0.421246332972818, ""Biology"": 0.5550464819113488, ""Programming"": 0.2136543260643339, ""Aptitude"": 0.41830147219680425, ""Communication"": 0.8840126807403192}",2025-10-15T16:19:06.539907,motivated
user_110,"{""Mathematics"": 0.5855910150413025, ""Physics"": 0.6723909989428514, ""Chemistry"": 0.44452353623111696, ""Biology"": 0.44475172642545574, ""Programming"": 0.5656200953453265, ""Aptitude"": 0.30595494133183493, ""Communication"": 0.7718672836995393}",2025-10-17T16:19:06.539943,tired
user_111,"{""Mathematics"": 0.7061627903183213, ""Physics"": 0.41562998361585984, ""Chemistry"": 0.6448611608583282, ""Biology"": 0.5958831674440095, ""Programming"": 0.39327149433257946, ""Aptitude"": 0.16446629201643156, ""Communication"": 0.3909294236262697}",2025-10-02T16:19:06.539970,focused
user_112,"{""Mathematics"": 0.5628722046672743, ""Physics"": 0.48883498563499306, ""Chemistry"": 0.6431008146326017, ""Biology"": 0.4766551501399881, ""Programming"": 0.0996983461934848, ""Aptitude"": 0.45702967765089453, ""Communication"": 0.5915878617925735}",2025-10-13T16:19:06.539996,curious
user_113,"{""Mathematics"": 0.6839685671896559, ""Physics"": 0.6621171088331933, ""Chemistry"": 0.6750883231823357, ""Biology"": 0.5188770118842655, ""Programming"": 0.28947514328120294, ""Aptitude"": 0.1508558599726013, ""Communication"": 0.5644427328698879}",2025-10-25T16:19:06.540024,stressed
user_114,"{""Mathematics"": 0.6311531530744666, ""Physics"": 0.540736825579306, ""Chemistry"": 0.35848771362695364, ""Biology"": 0.28784151893876064, ""Programming"": 0.4579729279999355, ""Aptitude"": 0.39406672692150174, ""Communication"": 0.6022251046058936}",2025-09-30T16:19:06.540049,motivated
user_115,"{""Mathematics"": 0.6042477564195692, ""Physics"": 0.5044634209243618, ""Chemistry"": 0.6907425708963997, ""Biology"": 0.37259329076739395, ""Programming"": 0.3144181165411475, ""Aptitude"": 0.3306587066942437, ""Communication"": 0.43482556588515264}",2025-10-20T16:19:06.540076,stressed
user_116,"{""Mathematics"": 0.553624181479704, ""Physics"": 0.533320065745057, ""Chemistry"": 0.47818770675047845, ""Biology"": 0.6383634188360281, ""Programming"": 0.1658089046670744, ""Aptitude"": 0.37196925337579617, ""Communication"": 0.43404034125887375}",2025-10-09T16:19:06.540102,stressed
user_117,"{""Mathematics"": 0.8170466826530599, ""Physics"": 0.5294832164767362, ""Chemistry"": 0.7047766809202953, ""Biology"": 0.22716594404445423, ""Programming"": 0.34005753988038884, ""Aptitude"": 0.5334446193435156, ""Communication"": 0.5123425983913136}",2025-10-11T16:19:06.540128,motivated
user_118,"{""Mathematics"": 0.7598220562598026, ""Physics"": 0.4224067324849442, ""Chemistry"": 0.761402116027837, ""Biology"": 0.7948347185428876, ""Programming"": 0.24557421593405113, ""Aptitude"": 0.3331746217898843, ""Communication"": 0.7180076715676551}",2025-10-15T16:19:06.540155,curious
user_119,"{""Mathematics"": 0.8369358218596068, ""Physics"": 0.42157099592700975, ""Chemistry"": 0.4869719774356215, ""Biology"": 0.4077323086709239, ""Programming"": 0.09833242334485845, ""Aptitude"": 0.26220220802737026, ""Communication"": 0.34937888498718983}",2025-10-04T16:19:06.540182,curious
user_120,"{""Mathematics"": 0.4848303652343807, ""Physics"": 0.49479726689198283, ""Chemistry"": 0.5851322098804782, ""Biology"": 0.6825750739221115, ""Programming"": 0.15024689388918136, ""Aptitude"": 0.5476483597714876, ""Communication"": 0.46790167336617366}",2025-10-20T16:19:06.540209,curious
user_121,"{""Mathematics"": 0.592580443552135, ""Physics"": 0.6012229238249905, ""Chemistry"": 0.3815916967656553, ""Biology"": 0.5073614619276076, ""Programming"": 0.3249678312319584, ""Aptitude"": 0.4738676896012224, ""Communication"": 0.5433752965861727}",2025-10-03T16:19:06.540237,tired
user_122,"{""Mathematics"": 0.9682950209866341, ""Physics"": 0.4043390023623026, ""Chemistry"": 0.4703504567497274, ""Biology"": 0.35652892103628536, ""Programming"": 0.21667843212596177, ""Aptitude"": 0.3043919309040224, ""Communication"": 0.6783524796661328}",2025-10-25T16:19:06.540263,focused
user_123,"{""Mathematics"": 0.8130756371984782, ""Physics"": 0.41438805593757855, ""Chemistry"": 0.42514666403436574, ""Biology"": 0.5207123334579606, ""Programming"": 0.2171665433578543, ""Aptitude"": 0.4949397726633266, ""Communication"": 0.530438453127695}",2025-10-07T16:19:06.540290,motivated
user_124,"{""Mathematics"": 0.37263838275041516, ""Physics"": 0.7321257801995092, ""Chemistry"": 0.8193816509643284, ""Biology"": 0.3580816964273421, ""Programming"": 0.24184476600960236, ""Aptitude"": 0.44287980860873577, ""Communication"": 0.5501685184980537}",2025-10-11T16:19:06.540318,focused
user_125,"{""Mathematics"": 0.6987816409009245, ""Physics"": 0.8015306808149525, ""Chemistry"": 0.5234579158758926, ""Biology"": 0.33025541331923197, ""Programming"": 0.0931021157978209, ""Aptitude"": 0.29036049400871217, ""Communication"": 0.49503095406893044}",2025-10-21T16:19:06.540345,curious
user_126,"{""Mathematics"": 0.8691836795276682, ""Physics"": 0.4223583051445743, ""Chemistry"": 0.5835681927458348, ""Biology"": 0.4475365655890872, ""Programming"": 0.4782589910172126, ""Aptitude"": 0.7790398638810432, ""Communication"": 0.4203696840619519}",2025-10-16T16:19:06.540372,tired
user_127,"{""Mathematics"": 0.5265840836222666, ""Physics"": 0.6566241315603608, ""Chemistry"": 0.6522837234439467, ""Biology"": 0.727006098860405, ""Programming"": 0.3875892277988946, ""Aptitude"": 0.34610618638194107, ""Communication"": 0.5885982246038464}",2025-10-20T16:19:06.540399,motivated
user_128,"{""Mathematics"": 0.7663055370874361, ""Physics"": 0.6230723271796046, ""Chemistry"": 0.6260911046660947, ""Biology"": 0.610001203438373, ""Programming"": 0.47539433856685087, ""Aptitude"": 0.607323848655629, ""Communication"": 0.5973064831384464}",2025-10-23T16:19:06.540426,curious
user_129,"{""Mathematics"": 0.5749322879524719, ""Physics"": 0.5220070529649984, ""Chemistry"": 0.7309763449762535, ""Biology"": 0.32745964935191463, ""Programming"": 0.35530099633093515, ""Aptitude"": 0.3409991781508959, ""Communication"": 0.5043117234402226}",2025-10-21T16:19:06.540454,tired
user_130,"{""Mathematics"": 0.7917677793910948, ""Physics"": 0.5286648602029855, ""Chemistry"": 0.5569654822234223, ""Biology"": 0.24602157885301212, ""Programming"": 0.4119380349040831, ""Aptitude"": 0.4968226271711613, ""Communication"": 0.8244882084958189}",2025-10-08T16:19:06.540482,tired
user_131,"{""Mathematics"": 0.5538332647570499, ""Physics"": 0.5328725491495908, ""Chemistry"": 0.5874075525566134, ""Biology"": 0.6866179919645212, ""Programming"": 0.2857056701419572, ""Aptitude"": 0.4418532288655509, ""Communication"": 0.5911844764574808}",2025-10-03T16:19:06.540509,motivated
user_132,"{""Mathematics"": 0.6279913684734537, ""Physics"": 0.43303495781742074, ""Chemistry"": 0.5791134989347462, ""Biology"": 0.6110447624789658, ""Programming"": 0.14602270508834095, ""Aptitude"": 0.4199454511220314, ""Communication"": 0.394981877759124}",2025-10-22T16:19:06.540538,stressed
user_133,"{""Mathematics"": 0.7792569943387263, ""Physics"": 0.2715219642824338, ""Chemistry"": 0.4661617229092618, ""Biology"": 0.5065817812596781, ""Programming"": 0.534828604385151, ""Aptitude"": 0.3901374608390519, ""Communication"": 0.41672007099602026}",2025-10-13T16:19:06.540566,focused
user_134,"{""Mathematics"": 0.8821735604160885, ""Physics"": 0.2827979149375634, ""Chemistry"": 0.22017910650698774, ""Biology"": 0.5160021675079999, ""Programming"": 0.2246918663471083, ""Aptitude"": 0.24681507743039305, ""Communication"": 0.606253467094903}",2025-10-03T16:19:06.540593,focused
user_135,"{""Mathematics"": 0.6365701070656798, ""Physics"": 0.41538820538949073, ""Chemistry"": 0.3579543401993659, ""Biology"": 0.5808685992420217, ""Programming"": 0.39753017669379914, ""Aptitude"": 0.38512362043309256, ""Communication"": 0.7769955494071499}",2025-10-13T16:19:06.540619,focused
user_136,"{""Mathematics"": 0.4394872850510771, ""Physics"": 0.27117122436128915, ""Chemistry"": 0.4462137895178134, ""Biology"": 0.44316209754667535, ""Programming"": 0.33650091739840376, ""Aptitude"": 0.36381459132155053, ""Communication"": 0.5528083094771445}",2025-10-07T16:19:06.540656,focused
user_137,"{""Mathematics"": 0.41226908637143334, ""Physics"": 0.7165646906109889, ""Chemistry"": 0.5376773232411147, ""Biology"": 0.6175943747382191, ""Programming"": 0.3514088019566556, ""Aptitude"": 0.46851298287306764, ""Communication"": 0.5854650920348305}",2025-10-17T16:19:06.540683,curious
user_138,"{""Mathematics"": 0.6671562840025972, ""Physics"": 0.5964084139801316, ""Chemistry"": 0.7493728795198648, ""Biology"": 0.47947817545522053, ""Programming"": 0.4063505636382768, ""Aptitude"": 0.386539645856916, ""Communication"": 0.7160175823174209}",2025-10-23T16:19:06.540710,stressed
user_139,"{""Mathematics"": 0.49854115469110954, ""Physics"": 0.7701410649366223, ""Chemistry"": 0.5439763074033486, ""Biology"": 0.2353837346822928, ""Programming"": 0.3192156622366184, ""Aptitude"": 0.2978422513787679, ""Communication"": 0.6260965323483086}",2025-10-25T16:19:06.540752,stressed
user_140,"{""Mathematics"": 0.5021064031046414, ""Physics"": 0.43307248501778306, ""Chemistry"": 0.2665688903581704, ""Biology"": 0.38215405211263853, ""Programming"": 0, ""Aptitude"": 0.16241457647714153, ""Communication"": 0.6140621984216446}",2025-10-13T16:19:06.540781,curious
user_141,"{""Mathematics"": 0.7178700237976248, ""Physics"": 0.5638186342677447, ""Chemistry"": 0.4049535785306181, ""Biology"": 0.442843296578703, ""Programming"": 0.2994596191364147, ""Aptitude"": 0.2262452966211186, ""Communication"": 0.7255097452650726}",2025-10-02T16:19:06.540810,curious
user_142,"{""Mathematics"": 0.7316043435863506, ""Physics"": 0.46685537392555043, ""Chemistry"": 0.5540328758491797, ""Biology"": 0.4812574211921329, ""Programming"": 0, ""Aptitude"": 0.3629233926219105, ""Communication"": 0.3977023628003302}",2025-10-09T16:19:06.540837,motivated
user_143,"{""Mathematics"": 0.4497569985157627, ""Physics"": 0.4578349560671068, ""Chemistry"": 0.8196529790274284, ""Biology"": 0.5461264291900515, ""Programming"": 0.21432315153258047, ""Aptitude"": 0.4858874172034238, ""Communication"": 0.7099033154879003}",2025-10-16T16:19:06.540863,focused
user_144,"{""Mathematics"": 0.7386950524369154, ""Physics"": 0.5089445554880261, ""Chemistry"": 0.45295948334416397, ""Biology"": 0.5547334970420384, ""Programming"": 0.35902280781326246, ""Aptitude"": 0.5342789830041599, ""Communication"": 0.5952757702522954}",2025-10-25T16:19:06.540894,curious
user_145,"{""Mathematics"": 0.7574329072979002, ""Physics"": 0.4197147182659148, ""Chemistry"": 0.747609109845149, ""Biology"": 0.47963994070385996, ""Programming"": 0.6112891308937898, ""Aptitude"": 0.29662182728656483, ""Communication"": 0.7603945704747874}",2025-10-13T16:19:06.540922,stressed
user_146,"{""Mathematics"": 0.6296866175193971, ""Physics"": 0.40228729945783276, ""Chemistry"": 0.47741712489185184, ""Biology"": 0.401947903770852, ""Programming"": 0.36362489196028747, ""Aptitude"": 0.47842532320532494, ""Communication"": 0.41394499940921314}",2025-10-26T16:19:06.540950,motivated
user_147,"{""Mathematics"": 0.5963468111608525, ""Physics"": 0.8213405537917795, ""Chemistry"": 0.8091314755151067, ""Biology"": 0.5154485504511048, ""Programming"": 0.30570052172523005, ""Aptitude"": 0.41800469900773923, ""Communication"": 0.5920276959095625}",2025-10-16T16:19:06.540977,curious
user_148,"{""Mathematics"": 0.44658111522023913, ""Physics"": 0.46139351938649825, ""Chemistry"": 0.29971238891836166, ""Biology"": 0.5098834683907919, ""Programming"": 0.3970793909554111, ""Aptitude"": 0.32752203065509394, ""Communication"": 0.736098014493505}",2025-10-25T16:19:06.541008,motivated
user_149,"{""Mathematics"": 0.4161351505496488, ""Physics"": 0.280343767968527, ""Chemistry"": 0.5836677727839958, ""Biology"": 0.6070647453918232, ""Programming"": 0.5525891537186802, ""Aptitude"": 0.331167360569659, ""Communication"": 0.6618021250146944}",2025-10-08T16:19:06.541037,focused
user_150,"{""Mathematics"": 0.5942237295748939, ""Physics"": 0.47410590500887706, ""Chemistry"": 0.6825489906230009, ""Biology"": 0.5478484317620129, ""Programming"": 0.0635411764523626, ""Aptitude"": 0.6214810524588844, ""Communication"": 0.7070137031221178}",2025-10-11T16:19:06.541065,stressed
user_151,"{""Mathematics"": 0.5061655947735706, ""Physics"": 0.5593705300156113, ""Chemistry"": 0.6241045279424109, ""Biology"": 0.48910106487358607, ""Programming"": 0.21745422692318697, ""Aptitude"": 0.2992564948092923, ""Communication"": 0.4961668893512832}",2025-10-13T16:19:06.541092,focused
user_152,"{""Mathematics"": 0.7759093528889047, ""Physics"": 0.5815400231891649, ""Chemistry"": 0.49440785018708416, ""Biology"": 0.5657548065972517, ""Programming"": 0, ""Aptitude"": 0.5723148550558155, ""Communication"": 0.23904293318328507}",2025-10-10T16:19:06.541117,motivated
user_153,"{""Mathematics"": 0.5456338587895302, ""Physics"": 0.33204951580607844, ""Chemistry"": 0.3557977786418642, ""Biology"": 0.624124018106778, ""Programming"": 0.2298448198032163, ""Aptitude"": 0.4519755822596074, ""Communication"": 0.4929619131681224}",2025-10-13T16:19:06.541144,focused
user_154,"{""Mathematics"": 0.6715561240834682, ""Physics"": 0.5115232836590383, ""Chemistry"": 0.3575511663717146, ""Biology"": 0.599440022917071, ""Programming"": 0.2259365125258031, ""Aptitude"": 0.1665127152010374, ""Communication"": 0.43578272585511313}",2025-10-07T16:19:06.541170,tired
user_155,"{""Mathematics"": 0.8251139685951466, ""Physics"": 0.6275332613170239, ""Chemistry"": 0.49770217983882115, ""Biology"": 0.3976113443522357, ""Programming"": 0.2517547423173926, ""Aptitude"": 0.7115121975341261, ""Communication"": 0.557290317834733}",2025-10-17T16:19:06.541197,focused
user_156,"{""Mathematics"": 0.6645062470786605, ""Physics"": 0.6545425181047764, ""Chemistry"": 0.5858183738539771, ""Biology"": 0.41114367812689456, ""Programming"": 0.27054752263725323, ""Aptitude"": 0.38925981108789043, ""Communication"": 0.4944166645235238}",2025-10-12T16:19:06.541223,focused
user_157,"{""Mathematics"": 0.709144431545547, ""Physics"": 0.5077918828710949, ""Chemistry"": 0.6598960115823369, ""Biology"": 0.4378925129837127, ""Programming"": 0.31179527854741357, ""Aptitude"": 0.10026989732018388, ""Communication"": 0.6374491512053722}",2025-10-23T16:19:06.541248,motivated
user_158,"{""Mathematics"": 0.6519732713846988, ""Physics"": 0.6497015164789478, ""Chemistry"": 0.11556169327094667, ""Biology"": 0.7632562057171091, ""Programming"": 0.2790615557767239, ""Aptitude"": 0.5662274225106275, ""Communication"": 0.3440141109311704}",2025-10-13T16:19:06.541274,motivated
user_159,"{""Mathematics"": 0.6919160857593855, ""Physics"": 0.34198766552395155, ""Chemistry"": 0.45643465589562926, ""Biology"": 0.737104703080018, ""Programming"": 0.27139763988549803, ""Aptitude"": 0.43261493097695847, ""Communication"": 0.6305101596033131}",2025-10-02T16:19:06.541299,curious
user_160,"{""Mathematics"": 0.6743522831958907, ""Physics"": 0.5225628357715365, ""Chemistry"": 0.6047441503699339, ""Biology"": 0.8105123377857413, ""Programming"": 0.29135718044496217, ""Aptitude"": 0.43016485700724516, ""Communication"": 0.6575981594011417}",2025-10-05T16:19:06.541325,motivated
user_161,"{""Mathematics"": 0.7658288899436976, ""Physics"": 0.678054545834057, ""Chemistry"": 0.6458095333043777, ""Biology"": 0.2785492630904275, ""Programming"": 0.5450147298451644, ""Aptitude"": 0.22804819104719684, ""Communication"": 0.545395319785855}",2025-10-11T16:19:06.541350,tired
user_162,"{""Mathematics"": 0.4868586224970963, ""Physics"": 0.4903792480110511, ""Chemistry"": 0.5993143615455221, ""Biology"": 0.49820358231754097, ""Programming"": 0.3632881131352927, ""Aptitude"": 0.6420566903587971, ""Communication"": 0.5680301452270969}",2025-10-26T16:19:06.541382,tired
user_163,"{""Mathematics"": 0.5633765047064027, ""Physics"": 0.6446130752432536, ""Chemistry"": 0.7284205733386961, ""Biology"": 0.26585882772945113, ""Programming"": 0.3896100104774787, ""Aptitude"": 0.5051759113466348, ""Communication"": 0.45536547449600123}",2025-10-05T16:19:06.541408,stressed
user_164,"{""Mathematics"": 0.8063560219967429, ""Physics"": 0.477491661945121, ""Chemistry"": 0.5688364680207314, ""Biology"": 0.4240392263574196, ""Programming"": 0.30233685713722014, ""Aptitude"": 0.23555873696571974, ""Communication"": 0.2839923676108559}",2025-10-13T16:19:06.541438,focused
user_165,"{""Mathematics"": 0.8391757594837458, ""Physics"": 0.37295579775225085, ""Chemistry"": 0.401291147581554, ""Biology"": 0.1269914829594428, ""Programming"": 0.20415573784657465, ""Aptitude"": 0.20153653098887528, ""Communication"": 0.7463022740204553}",2025-10-11T16:19:06.541464,focused
user_166,"{""Mathematics"": 0.7514725634013951, ""Physics"": 0.39677744822334143, ""Chemistry"": 0.8878653708016464, ""Biology"": 0.5972648230487392, ""Programming"": 0.2512752924737066, ""Aptitude"": 0.025089142768964068, ""Communication"": 0.8436413858886113}",2025-10-22T16:19:06.541489,curious
user_167,"{""Mathematics"": 0.3915641299854606, ""Physics"": 0.25319018795646625, ""Chemistry"": 0.7033855648014461, ""Biology"": 0.8159628609508909, ""Programming"": 0.5076409227765777, ""Aptitude"": 0.48458636800785393, ""Communication"": 0.5892131512497929}",2025-10-16T16:19:06.541516,curious
user_168,"{""Mathematics"": 0.7280123338170461, ""Physics"": 0.6138392884680147, ""Chemistry"": 0.5921787135954064, ""Biology"": 0.4656301655927814, ""Programming"": 0.2906110308150716, ""Aptitude"": 0.28690531166999855, ""Communication"": 0.4578987384699839}",2025-10-15T16:19:06.541542,stressed
user_169,"{""Mathematics"": 0.34605647787069216, ""Physics"": 0.4852490559807875, ""Chemistry"": 0.40171133392736247, ""Biology"": 0.2844616024176344, ""Programming"": 0.32698412267302174, ""Aptitude"": 0.6088003429516899, ""Communication"": 0.6377474909003469}",2025-10-03T16:19:06.541569,curious
user_170,"{""Mathematics"": 0.36442490945652345, ""Physics"": 0.3515557795144494, ""Chemistry"": 0.6911156781982324, ""Biology"": 0.30262689096925355, ""Programming"": 0.2663050275004463, ""Aptitude"": 0.48250781485368277, ""Communication"": 0.35474833177045473}",2025-10-06T16:19:06.541594,focused
user_171,"{""Mathematics"": 0.615806325921894, ""Physics"": 0.29989617576226935, ""Chemistry"": 0.459794853407318, ""Biology"": 0.4979672901213806, ""Programming"": 0.0610509399702496, ""Aptitude"": 0.4660712106940599, ""Communication"": 0.4970543301609978}",2025-10-26T16:19:06.541619,curious
user_172,"{""Mathematics"": 0.6828734931625722, ""Physics"": 0.5335871201096992, ""Chemistry"": 0.7546210644960767, ""Biology"": 0.46878367539718613, ""Programming"": 0.23558916883121206, ""Aptitude"": 0.4183446254548426, ""Communication"": 0.5814947043554581}",2025-10-25T16:19:06.541654,curious
user_173,"{""Mathematics"": 0.6073290105488556, ""Physics"": 0.5060887536805824, ""Chemistry"": 0.44470124682898676, ""Biology"": 0.3505648623673578, ""Programming"": 0.08960920923004598, ""Aptitude"": 0.6624365114780408, ""Communication"": 0.3134205146913073}",2025-10-24T16:19:06.541681,focused
user_174,"{""Mathematics"": 0.49606422033061387, ""Physics"": 0.39223891016462037, ""Chemistry"": 0.6842386565416663, ""Biology"": 0.40575754825619587, ""Programming"": 0.4871613109010601, ""Aptitude"": 0.29897640636341977, ""Communication"": 0.5418491243335702}",2025-10-06T16:19:06.541709,stressed
user_175,"{""Mathematics"": 0.4746979420110364, ""Physics"": 0.8217723691660082, ""Chemistry"": 0.37186023714557315, ""Biology"": 0.49647310653405413, ""Programming"": 0.39506653213981474, ""Aptitude"": 0.46206986461772476, ""Communication"": 0.47220685116834377}",2025-10-18T16:19:06.541751,curious
user_176,"{""Mathematics"": 0.580526895039986, ""Physics"": 0.5065717207968664, ""Chemistry"": 0.5279496997557267, ""Biology"": 0.5945818675192365, ""Programming"": 0.6315784502387027, ""Aptitude"": 0.316376232248825, ""Communication"": 0.2945295530631383}",2025-10-04T16:19:06.541779,focused
user_177,"{""Mathematics"": 0.5867576927473117, ""Physics"": 0.8869564006481478, ""Chemistry"": 0.42944881480454045, ""Biology"": 0.6958675208166101, ""Programming"": 0.5516551221114661, ""Aptitude"": 0.3169617637438008, ""Communication"": 0.5853474618777913}",2025-09-30T16:19:06.541803,tired
user_178,"{""Mathematics"": 0.8442594934692806, ""Physics"": 0.44313083885187693, ""Chemistry"": 0.5194629459846458, ""Biology"": 0.36274786290770344, ""Programming"": 0.14778649039606997, ""Aptitude"": 0.30260836824009896, ""Communication"": 0.31640895998566154}",2025-10-17T16:19:06.541828,motivated
user_179,"{""Mathematics"": 0.6051125202388838, ""Physics"": 0.3845040153412037, ""Chemistry"": 0.5850678867686122, ""Biology"": 0.21661565306945593, ""Programming"": 0.34963203483216854, ""Aptitude"": 0.5250293442413387, ""Communication"": 0.20093965361428168}",2025-10-09T16:19:06.541854,tired
user_180,"{""Mathematics"": 0.6561084854771357, ""Physics"": 0.6841503488709938, ""Chemistry"": 0.36855384719631923, ""Biology"": 0.7008858580256555, ""Programming"": 0.36285285140490675, ""Aptitude"": 0.2942482216362387, ""Communication"": 0.4916346383513441}",2025-09-28T16:19:06.541880,curious
user_181,"{""Mathematics"": 0.6837490368782584, ""Physics"": 0.5114008087118618, ""Chemistry"": 0.6308133988669554, ""Biology"": 0.3118989610380951, ""Programming"": 0.3254041236054117, ""Aptitude"": 0.187942825464253, ""Communication"": 0.48331609079769494}",2025-10-18T16:19:06.541908,stressed
user_182,"{""Mathematics"": 0.46441385378028155, ""Physics"": 0.389670508611535, ""Chemistry"": 0.7354139762815657, ""Biology"": 0.6136965180891404, ""Programming"": 0.39137071813607655, ""Aptitude"": 0.2361530852991132, ""Communication"": 0.4525387325457797}",2025-10-23T16:19:06.541933,focused
user_183,"{""Mathematics"": 0.7819646549968775, ""Physics"": 0.5212575370459858, ""Chemistry"": 0.8978994309972541, ""Biology"": 0.5089976759091558, ""Programming"": 0.3288073674735047, ""Aptitude"": 0.35363253036962483, ""Communication"": 0.5200311357173424}",2025-10-05T16:19:06.541959,motivated
user_184,"{""Mathematics"": 0.5771295245429184, ""Physics"": 0.6062163015032885, ""Chemistry"": 0.6935053475191877, ""Biology"": 0.3321015809238076, ""Programming"": 0.10031505696633328, ""Aptitude"": 0.12456919403450556, ""Communication"": 0.5761986990368816}",2025-10-18T16:19:06.541984,focused
user_185,"{""Mathematics"": 0.4344950090739189, ""Physics"": 0.17706641105712756, ""Chemistry"": 0.6082867906796446, ""Biology"": 0.8239499276149186, ""Programming"": 0.299089363269016, ""Aptitude"": 0.5257736161677463, ""Communication"": 0.5122744037821347}",2025-10-15T16:19:06.542008,curious
user_186,"{""Mathematics"": 0.5851665520213286, ""Physics"": 0.6378614724481653, ""Chemistry"": 0.5064588183717024, ""Biology"": 0.49010884711078545, ""Programming"": 0.34825467092940204, ""Aptitude"": 0.2997864319535427, ""Communication"": 0.6488063524304784}",2025-10-01T16:19:06.542032,tired
user_187,"{""Mathematics"": 0.5737560364956886, ""Physics"": 0.3866382260760733, ""Chemistry"": 0.6304764765355606, ""Biology"": 0.31522980273134443, ""Programming"": 0.3042271736053692, ""Aptitude"": 0.3986321505033695, ""Communication"": 0.6628843348747367}",2025-10-06T16:19:06.542057,focused
user_188,"{""Mathematics"": 0.671204734931993, ""Physics"": 0.4962459561882284, ""Chemistry"": 0.6726649448800431, ""Biology"": 0.658531132352597, ""Programming"": 0.3836715459527793, ""Aptitude"": 0.4015528929765071, ""Communication"": 0.3032245651474761}",2025-10-25T16:19:06.542083,stressed
user_189,"{""Mathematics"": 0.4402329505386941, ""Physics"": 0.45421629434679983, ""Chemistry"": 0.45857316967610756, ""Biology"": 0.42195430455218313, ""Programming"": 0.30849748873456606, ""Aptitude"": 0.47945391315350966, ""Communication"": 0.4894251832911363}",2025-10-11T16:19:06.542107,curious
user_190,"{""Mathematics"": 0.6729752465739303, ""Physics"": 0.509671162221518, ""Chemistry"": 0.25368001504691934, ""Biology"": 0.30909969092718687, ""Programming"": 0.27838686664175766, ""Aptitude"": 0.2185457885738339, ""Communication"": 0.5899893094994306}",2025-10-27T16:19:06.542132,curious
user_191,"{""Mathematics"": 0.8296126248515545, ""Physics"": 0.6828142777545975, ""Chemistry"": 0.5179835693604689, ""Biology"": 0.6736089205274928, ""Programming"": 0.3223001185803167, ""Aptitude"": 0.34943710433229414, ""Communication"": 0.407989600468859}",2025-10-18T16:19:06.542157,tired
user_192,"{""Mathematics"": 0.5546295470267807, ""Physics"": 0.44177347721881566, ""Chemistry"": 0.5755624333563232, ""Biology"": 0.4740860971574797, ""Programming"": 0.30045690302301215, ""Aptitude"": 0.46554072546195246, ""Communication"": 0.6785969412179512}",2025-10-21T16:19:06.542195,curious
user_193,"{""Mathematics"": 0.7424331203161986, ""Physics"": 0.2772653047325145, ""Chemistry"": 0.1669118297647068, ""Biology"": 0.5901479866858911, ""Programming"": 0.09496819523768682, ""Aptitude"": 0.36628518971609747, ""Communication"": 0.3244830460910961}",2025-10-03T16:19:06.542236,stressed
user_194,"{""Mathematics"": 0.329702934362997, ""Physics"": 0.5812194092307182, ""Chemistry"": 0.6638732740453971, ""Biology"": 0.3635234398909921, ""Programming"": 0, ""Aptitude"": 0.3180633327621276, ""Communication"": 0.558770600810382}",2025-10-21T16:19:06.542350,tired
user_195,"{""Mathematics"": 0.3781632646838807, ""Physics"": 0.5275039879668734, ""Chemistry"": 0.5477035226240508, ""Biology"": 0.5368937249401633, ""Programming"": 0.31793705526212296, ""Aptitude"": 0.2540396588677667, ""Communication"": 0.6794857252496737}",2025-10-23T16:19:06.542386,tired
user_196,"{""Mathematics"": 0.5762205640459545, ""Physics"": 0.49590431907351024, ""Chemistry"": 0.4100098061390206, ""Biology"": 0.3835076623212735, ""Programming"": 0.16727959289596486, ""Aptitude"": 0.37405809101148657, ""Communication"": 0.7567562720213514}",2025-10-25T16:19:06.542412,curious
user_197,"{""Mathematics"": 0.39421482856029655, ""Physics"": 0.2579657903184889, ""Chemistry"": 0.7706755491240413, ""Biology"": 0.4186014484272201, ""Programming"": 0.1996390892010125, ""Aptitude"": 0.5559857031094115, ""Communication"": 0.4091576690394704}",2025-09-30T16:19:06.542437,motivated
user_198,"{""Mathematics"": 0.8739014570320405, ""Physics"": 0.6016888807008903, ""Chemistry"": 0.47681328877814466, ""Biology"": 0.7735962319898255, ""Programming"": 0.20914276154949923, ""Aptitude"": 0.511314305801396, ""Communication"": 0.5448938870609737}",2025-10-11T16:19:06.542462,focused
user_199,"{""Mathematics"": 0.7952611934098197, ""Physics"": 0.7342266795090279, ""Chemistry"": 0.554800622359865, ""Biology"": 0.3369873194480725, ""Programming"": 0.36899582144086746, ""Aptitude"": 0.2983426945371841, ""Communication"": 0.8020080871289934}",2025-10-01T16:19:06.542488,focused
user_200,"{""Mathematics"": 0.6204802996624106, ""Physics"": 0.4452017673031837, ""Chemistry"": 0.5777020458797363, ""Biology"": 0.24793105657054554, ""Programming"": 0.15425789422340228, ""Aptitude"": 0.5800620861916639, ""Communication"": 0.40146585815429064}",2025-10-26T16:19:06.542514,curious
